Order_date,service_completed,Currency,paid,status,customer_id
11/21/2016,12/7/2016,USD,499,Payment Processed,2603
5/16/2018,5/24/2018,USD,199,Payment Processed,2710
9/23/2016,10/11/2016,USD,150,Payment Processed,2980
3/17/2016,3/31/2016,USD,499,Payment Processed,3132
1/31/2018,4/2/2018,USD,299,Payment Processed,3140
2/10/2016,3/9/2016,USD,599,Payment Processed,3404
1/4/2018,1/9/2018,USD,299,Payment Processed,3525
7/20/2018,8/27/2018,USD,199,Payment Processed,4240
11/15/2017,11/30/2017,USD,299,Payment Processed,4545
12/19/2017,12/21/2017,USD,897,Payment Processed,4704
9/28/2017,9/28/2017,USD,299,Payment Processed,4704
9/19/2017,9/21/2017,USD,299,Payment Processed,4973
10/10/2017,10/11/2017,USD,299,Payment Processed,5118
4/12/2018,4/13/2018,USD,220,Payment Processed,5238
2/15/2018,2/16/2018,USD,299,Payment Processed,5834
9/30/2016,9/30/2016,USD,600,Payment Processed,6147
8/30/2017,9/5/2017,USD,79,Payment Processed,6148
10/23/2015,3/28/2016,USD,499,Payment Processed,6242
2/16/2018,2/21/2018,USD,199,Payment Processed,7057
7/31/2018,8/13/2018,USD,299,Payment Processed,7210
8/22/2018,8/27/2018,USD,199,Payment Processed,7298
8/17/2018,8/29/2018,USD,395,Payment Processed,7588
5/4/2017,5/8/2017,USD,199,Payment Processed,7710
7/31/2018,8/15/2018,USD,398,Payment Processed,8050
7/29/2016,8/3/2016,USD,499,Payment Processed,8107
8/23/2018,8/29/2018,USD,499,Payment Processed,8946
8/8/2018,8/9/2018,USD,129,Payment Processed,9385
12/28/2015,1/7/2016,USD,599,Payment Processed,9603
7/11/2018,7/18/2018,USD,299,Payment Processed,9766
2/28/2016,3/2/2016,USD,838.8,Payment Processed,10021
12/3/2015,1/21/2016,USD,149,Payment Processed,10060
1/31/2018,2/1/2018,USD,299,Payment Processed,10129
8/2/2018,8/3/2018,USD,220,Payment Processed,10300
6/4/2018,6/5/2018,USD,299,Payment Processed,10360
9/3/2015,5/31/2016,USD,499,Payment Processed,10799
4/19/2016,4/21/2016,USD,299,Payment Processed,10864
1/27/2016,1/27/2016,USD,199,Payment Processed,10918
3/8/2016,3/11/2016,USD,199,Payment Processed,10918
11/28/2017,11/28/2017,USD,199,Payment Processed,10926
11/15/2017,11/30/2017,USD,299,Payment Processed,11408
5/24/2016,6/15/2016,USD,599,Payment Processed,11807
7/18/2018,7/20/2018,USD,199,Payment Processed,12094
10/6/2017,10/9/2017,USD,299,Payment Processed,12360
10/30/2017,10/31/2017,USD,299,Payment Processed,12403
12/14/2017,12/18/2017,USD,299,Payment Processed,12739
6/13/2018,6/19/2018,USD,50,Payment Processed,12912
8/24/2016,9/23/2016,USD,499,Payment Processed,12953
2/13/2018,2/20/2018,USD,299,Payment Processed,12986
1/18/2018,1/19/2018,USD,398,Payment Processed,13020
9/9/2016,9/19/2016,USD,578,Payment Processed,13052
4/21/2016,10/25/2017,USD,299,Payment Processed,13446
8/9/2018,8/9/2018,USD,129,Payment Processed,13886
2/27/2018,3/13/2018,USD,199,Payment Processed,14404
6/28/2018,7/3/2018,USD,299,Payment Processed,14999
3/15/2016,5/19/2016,USD,499,Payment Processed,15129
7/6/2017,7/13/2017,USD,299,Payment Processed,15710
5/4/2018,5/10/2018,USD,299,Payment Processed,16220
3/12/2018,3/22/2018,USD,299,Payment Processed,16300
2/11/2016,3/31/2016,USD,599,Payment Processed,16336
12/4/2017,12/18/2017,USD,199,Payment Processed,17073
6/19/2018,6/20/2018,USD,199,Payment Processed,18015
3/26/2018,3/28/2018,USD,199,Payment Processed,18083
5/26/2017,7/31/2017,USD,299,Payment Processed,18632
10/2/2017,10/3/2017,USD,299,Payment Processed,18900
8/24/2017,8/24/2017,USD,299,Payment Processed,19013
5/21/2018,5/22/2018,USD,129,Payment Processed,19519
6/9/2016,6/28/2016,USD,499,Payment Processed,20452
4/13/2018,4/16/2018,USD,299,Payment Processed,21215
3/27/2018,3/28/2018,USD,199,Payment Processed,21283
3/2/2016,10/11/2017,USD,749,Payment Processed,21444
11/9/2017,11/14/2017,USD,199,Payment Processed,21765
5/23/2017,7/19/2017,USD,299,Payment Processed,22276
10/26/2016,2/22/2017,USD,599,Payment Processed,22448
7/30/2018,8/1/2018,USD,299,Payment Processed,22784
7/24/2018,7/25/2018,USD,299,Payment Processed,23384
2/3/2016,2/18/2016,USD,100,Payment Processed,23441
1/10/2018,1/12/2018,USD,299,Payment Processed,23449
5/2/2017,5/24/2017,USD,199,Payment Processed,23552
3/3/2017,3/7/2017,USD,599,Payment Processed,23927
5/10/2018,5/11/2018,USD,129,Payment Processed,24327
8/2/2018,8/2/2018,USD,299,Payment Processed,25921
5/9/2018,5/25/2018,USD,299,Payment Processed,26279
7/18/2018,7/19/2018,USD,299,Payment Processed,26318
6/23/2017,6/27/2017,USD,299,Payment Processed,26331
3/11/2016,3/21/2016,USD,599,Payment Processed,26445
9/28/2017,9/29/2017,USD,200,Payment Processed,27002
12/4/2015,1/8/2016,USD,998,Payment Processed,27002
4/29/2016,5/9/2016,USD,449,Payment Processed,27002
4/24/2018,4/24/2018,USD,100,Payment Processed,27002
4/6/2016,4/7/2016,USD,449,Payment Processed,27002
11/28/2017,11/28/2017,USD,100,Payment Processed,27002
9/13/2016,9/21/2016,USD,499,Payment Processed,27596
1/21/2016,1/27/2016,USD,499,Payment Processed,28078
9/5/2018,9/10/2018,USD,299,Payment Processed,28361
8/21/2018,8/22/2018,USD,199,Payment Processed,29532
3/6/2017,3/16/2017,USD,499,Payment Processed,30107
1/4/2016,1/7/2016,USD,599,Payment Processed,30480
5/22/2018,5/23/2018,USD,199,Payment Processed,30615
11/28/2017,1/3/2018,USD,199,Payment Processed,30807
4/5/2017,4/7/2017,USD,499,Payment Processed,30858
6/26/2017,6/28/2017,USD,299,Payment Processed,31054
6/13/2018,6/14/2018,USD,129,Payment Processed,31117
9/7/2017,9/8/2017,USD,199,Payment Processed,31117
7/17/2018,7/18/2018,USD,299,Payment Processed,31184
6/19/2018,6/19/2018,USD,299,Payment Processed,31683
5/4/2017,5/5/2017,USD,199,Payment Processed,31752
5/4/2018,5/4/2018,USD,129,Payment Processed,32017
4/19/2018,4/20/2018,USD,299,Payment Processed,32085
12/7/2017,12/14/2017,USD,299,Payment Processed,32536
4/3/2018,4/24/2018,USD,149,Payment Processed,32855
7/18/2018,7/18/2018,USD,129,Payment Processed,33598
5/6/2016,5/11/2016,USD,499,Payment Processed,33724
8/20/2018,8/23/2018,USD,199,Payment Processed,33997
10/24/2017,11/10/2017,USD,299,Payment Processed,34087
8/1/2018,8/2/2018,USD,399,Payment Processed,34761
8/22/2018,8/23/2018,USD,199,Payment Processed,34770
1/14/2016,1/15/2016,USD,100,Payment Processed,34785
3/29/2016,3/30/2016,USD,200,Payment Processed,34785
3/2/2017,3/16/2017,USD,599,Payment Processed,34966
8/16/2017,8/22/2017,USD,299,Payment Processed,35407
1/25/2018,1/26/2018,USD,149,Payment Processed,35414
11/17/2016,11/17/2016,USD,100,Payment Processed,35637
9/21/2017,9/29/2017,USD,99,Payment Processed,35709
12/13/2017,12/21/2017,USD,299,Payment Processed,35839
4/25/2018,4/26/2018,USD,299,Payment Processed,35860
6/7/2018,7/31/2018,USD,199,Payment Processed,35956
3/15/2018,3/19/2018,USD,199,Payment Processed,35961
6/8/2018,6/8/2018,USD,199,Payment Processed,36093
5/24/2018,5/25/2018,USD,299,Payment Processed,36198
9/18/2017,9/19/2017,USD,299,Payment Processed,36198
1/9/2017,1/11/2017,USD,599,Payment Processed,36335
7/11/2018,7/12/2018,USD,199,Payment Processed,36937
9/19/2017,9/19/2017,USD,299,Payment Processed,38035
1/17/2018,1/19/2018,USD,199,Payment Processed,38196
10/13/2015,1/8/2016,USD,269,Payment Processed,38375
12/13/2017,12/15/2017,USD,299,Payment Processed,38413
9/1/2017,9/18/2017,USD,299,Payment Processed,38498
6/20/2017,8/9/2017,USD,519,Payment Processed,39014
9/25/2017,9/27/2017,USD,299,Payment Processed,39101
5/22/2018,5/23/2018,USD,399,Payment Processed,39155
8/8/2018,8/14/2018,USD,299,Payment Processed,39467
4/11/2018,4/12/2018,USD,199,Payment Processed,40102
9/14/2016,9/20/2016,USD,449,Payment Processed,40121
2/1/2017,3/22/2017,USD,399,Payment Processed,40194
7/18/2018,7/25/2018,USD,299,Payment Processed,40555
3/14/2018,3/15/2018,USD,299,Payment Processed,40733
9/19/2016,9/20/2016,USD,539,Payment Processed,40754
9/14/2016,9/20/2016,USD,539,Payment Processed,40754
7/20/2018,7/25/2018,USD,299,Payment Processed,40863
5/4/2018,5/4/2018,USD,299,Payment Processed,42361
8/15/2017,9/26/2017,USD,199,Payment Processed,43187
1/19/2017,1/19/2017,USD,400,Invoice via Mail,43732
7/13/2018,7/17/2018,USD,299,Payment Processed,43835
8/13/2018,8/15/2018,USD,299,Payment Processed,43989
7/15/2016,7/20/2016,USD,499,Payment Processed,44203
10/23/2017,10/26/2017,USD,199,Payment Processed,44344
11/3/2017,11/8/2017,USD,220,Payment Processed,44606
3/27/2018,3/28/2018,USD,199,Payment Processed,44731
11/21/2016,11/29/2016,USD,499,Payment Processed,45085
7/10/2018,8/8/2018,USD,199,Payment Processed,46243
1/23/2018,1/24/2018,USD,199,Payment Processed,46402
8/21/2018,8/23/2018,USD,199,Payment Processed,46543
10/19/2015,3/7/2016,USD,149,Payment Processed,47088
11/28/2017,12/1/2017,USD,199,Payment Processed,47115
2/2/2018,2/6/2018,USD,199,Payment Processed,47616
2/27/2018,3/1/2018,USD,199,Payment Processed,47626
1/3/2018,1/17/2018,USD,199,Payment Processed,48472
4/10/2018,4/11/2018,USD,299,Payment Processed,48598
11/17/2017,11/20/2017,USD,299,Payment Processed,48632
10/9/2017,10/12/2017,USD,199,Payment Processed,48639
6/12/2018,6/14/2018,USD,299,Payment Processed,49236
3/31/2016,6/6/2016,USD,998,Payment Processed,49603
6/20/2017,6/23/2017,USD,249,Payment Processed,49923
2/16/2018,2/20/2018,USD,299,Payment Processed,50386
3/4/2018,3/6/2018,USD,199,Payment Processed,50667
6/12/2018,6/14/2018,USD,249,Payment Processed,51153
3/20/2018,3/22/2018,USD,129,Payment Processed,51350
8/1/2018,8/20/2018,USD,199,Payment Processed,51985
4/27/2018,5/1/2018,USD,199,Payment Processed,52299
4/13/2016,5/5/2016,USD,599,Payment Processed,52412
8/7/2017,8/15/2017,USD,199,Payment Processed,52843
1/31/2018,2/8/2018,USD,299,Payment Processed,52945
11/17/2016,11/17/2016,USD,449,Payment Processed,53271
7/17/2018,7/20/2018,USD,199,Payment Processed,53520
5/21/2018,5/22/2018,USD,129,Payment Processed,53852
6/8/2018,6/12/2018,USD,199,Payment Processed,54141
4/16/2018,4/26/2018,USD,299,Payment Processed,54250
7/12/2018,7/16/2018,USD,299,Payment Processed,55123
4/25/2016,4/28/2016,USD,499,Payment Processed,55325
2/5/2018,2/16/2018,USD,149,Payment Processed,55815
3/15/2018,3/20/2018,USD,199,Payment Processed,56175
3/12/2018,3/13/2018,USD,299,Payment Processed,56475
5/22/2018,5/23/2018,USD,299,Payment Processed,56510
6/13/2018,7/3/2018,USD,399,Payment Processed,56762
8/4/2017,9/25/2017,USD,299,Payment Processed,57624
5/3/2016,5/9/2016,USD,499,Payment Processed,58017
1/5/2018,1/9/2018,USD,299,Payment Processed,58105
12/6/2017,12/11/2017,USD,299,Payment Processed,58541
8/22/2018,8/30/2018,USD,129,Payment Processed,58548
10/27/2017,11/6/2017,USD,199,Payment Processed,58635
3/2/2016,3/4/2016,USD,399,Payment Processed,58728
6/7/2018,8/9/2018,USD,149,Payment Processed,58960
7/2/2018,7/3/2018,USD,299,Payment Processed,59035
10/30/2017,10/31/2017,USD,299,Payment Processed,59751
7/26/2017,8/11/2017,USD,199,Payment Processed,59957
5/2/2018,5/2/2018,USD,299,Payment Processed,60083
9/20/2017,9/28/2017,USD,199,Payment Processed,62111
3/19/2018,3/20/2018,USD,299,Payment Processed,62158
2/10/2016,2/18/2016,USD,199,Payment Processed,62198
3/29/2018,4/2/2018,USD,299,Payment Processed,62503
9/5/2017,9/12/2017,USD,299,Payment Processed,62853
6/15/2018,6/19/2018,USD,299,Payment Processed,63405
9/6/2018,9/6/2018,USD,299,Payment Processed,63554
8/10/2016,8/23/2016,USD,399,Payment Processed,63789
10/9/2017,10/11/2017,USD,399,Payment Processed,64641
12/20/2017,12/21/2017,USD,199,Payment Processed,65540
12/29/2015,1/4/2016,USD,599,Payment Processed,65626
5/17/2016,6/20/2016,USD,100,Payment Processed,66231
8/14/2017,8/15/2017,USD,499,Payment Processed,66231
5/16/2018,5/16/2018,USD,599,Payment Processed,66231
1/9/2017,2/24/2017,USD,499,Payment Processed,66231
6/27/2017,6/28/2017,USD,400,Payment Processed,66231
1/24/2018,1/25/2018,USD,599,Payment Processed,66231
3/29/2017,4/12/2017,USD,499,Payment Processed,66231
9/6/2016,10/10/2016,USD,499,Payment Processed,66231
4/5/2017,4/5/2017,USD,499,Payment Processed,66231
5/8/2018,5/18/2018,USD,199,Payment Processed,66846
3/6/2018,3/15/2018,USD,299,Payment Processed,67420
10/19/2017,10/20/2017,USD,299,Payment Processed,67756
4/24/2018,5/4/2018,USD,299,Payment Processed,67957
6/15/2017,6/20/2017,USD,499,Payment Processed,68380
8/24/2017,8/25/2017,USD,299,Payment Processed,68592
8/1/2018,8/2/2018,USD,399,Payment Processed,68733
10/10/2017,10/23/2017,USD,299,Payment Processed,70001
5/22/2018,5/25/2018,USD,199,Payment Processed,70225
7/1/2016,7/12/2016,USD,499,Payment Processed,70437
9/8/2017,9/18/2017,USD,199,Payment Processed,70440
8/8/2017,8/9/2017,USD,199,Payment Processed,70919
2/10/2016,5/24/2016,USD,499,Payment Processed,70926
4/8/2016,4/15/2016,USD,998,Payment Processed,71506
5/17/2018,5/18/2018,USD,129,Payment Processed,71686
2/14/2018,2/15/2018,USD,299,Payment Processed,71870
5/21/2018,5/23/2018,USD,299,Payment Processed,72731
3/30/2016,3/31/2016,USD,499,Payment Processed,73093
2/14/2018,2/15/2018,USD,149,Payment Processed,73478
12/8/2017,12/12/2017,USD,199,Payment Processed,73487
1/18/2018,1/26/2018,USD,199,Payment Processed,73487
12/27/2017,1/11/2018,USD,199,Payment Processed,73487
10/19/2017,10/20/2017,USD,199,Payment Processed,73637
7/10/2018,7/16/2018,USD,199,Payment Processed,75163
5/18/2018,5/21/2018,USD,299,Payment Processed,75786
6/20/2018,6/27/2018,USD,250,Payment Processed,75795
7/13/2018,8/20/2018,USD,590,Payment Processed,75795
2/5/2016,2/8/2016,USD,150,Payment Processed,76105
10/2/2017,10/4/2017,USD,225.58,Payment Processed,76449
1/2/2018,2/5/2018,USD,299,Payment Processed,76501
8/12/2018,8/14/2018,USD,299,Payment Processed,76508
8/17/2017,9/1/2017,USD,299,Payment Processed,77274
2/14/2018,2/20/2018,USD,199,Payment Processed,77884
11/14/2016,11/28/2016,USD,539,Payment Processed,78251
10/11/2017,12/13/2017,USD,199,Payment Processed,79040
8/4/2017,10/12/2017,USD,199,Payment Processed,79327
2/6/2018,2/8/2018,USD,99,Payment Processed,79685
12/11/2017,12/13/2017,USD,299,Payment Processed,80009
6/2/2017,6/12/2017,USD,299,Payment Processed,80268
2/6/2017,2/16/2017,USD,499,Payment Processed,80760
6/4/2018,6/5/2018,USD,399,Payment Processed,80806
4/5/2018,4/5/2018,USD,299,Payment Processed,81617
11/7/2016,11/22/2016,USD,300,Payment Processed,81704
11/28/2017,12/4/2017,USD,199,Payment Processed,82278
4/11/2018,4/16/2018,USD,129,Payment Processed,82733
6/6/2017,6/7/2017,USD,199,Payment Processed,83021
2/15/2017,2/27/2017,USD,250,Payment Processed,83044
6/29/2016,10/11/2016,USD,599,Payment Processed,83044
7/6/2017,7/17/2017,USD,250,Payment Processed,83044
1/9/2018,1/24/2018,USD,299,Payment Processed,83102
5/22/2018,5/23/2018,USD,199,Payment Processed,83379
5/1/2017,5/15/2017,USD,199,Payment Processed,83583
7/25/2018,7/26/2018,USD,129,Payment Processed,84033
2/6/2017,3/9/2017,USD,419,Payment Processed,84060
9/16/2017,9/19/2017,USD,199,Payment Processed,85172
1/17/2017,2/7/2017,USD,599,Payment Processed,85420
11/28/2017,12/1/2017,USD,199,Payment Processed,85468
6/12/2017,6/19/2017,USD,299,Payment Processed,85748
8/24/2017,8/28/2017,USD,199,Payment Processed,86271
12/13/2017,1/9/2018,USD,597,Payment Processed,86543
12/5/2017,12/6/2017,USD,199,Payment Processed,86646
6/23/2017,8/8/2017,USD,299,Payment Processed,86702
12/9/2016,3/15/2017,USD,499,Payment Processed,86818
7/31/2018,8/13/2018,USD,299,Payment Processed,89001
9/28/2017,9/28/2017,USD,199,Payment Processed,89133
4/19/2017,4/25/2017,USD,499,Payment Processed,89309
10/16/2017,10/30/2017,USD,449,Payment Processed,89309
2/28/2018,3/6/2018,USD,199,Payment Processed,89598
7/10/2018,7/17/2018,USD,199,Payment Processed,90804
9/8/2017,9/25/2017,USD,299,Payment Processed,90838
1/4/2018,1/9/2018,USD,299,Payment Processed,91203
6/5/2018,6/22/2018,USD,199,Payment Processed,91323
4/18/2018,4/25/2018,USD,129,Payment Processed,91734
7/6/2018,7/6/2018,USD,299,Payment Processed,91764
4/23/2018,4/25/2018,USD,299,Payment Processed,92089
9/25/2017,9/25/2017,USD,299,Payment Processed,92351
2/6/2018,2/7/2018,USD,149,Payment Processed,92404
6/26/2017,7/9/2017,USD,199,Payment Processed,93107
3/3/2017,3/8/2017,USD,100,Payment Processed,93486
3/7/2018,3/7/2018,USD,100,Payment Processed,93486
1/24/2017,2/28/2017,USD,499,Payment Processed,94481
4/10/2018,4/11/2018,USD,199,Payment Processed,94544
2/6/2018,2/9/2018,USD,199,Payment Processed,94665
2/28/2018,5/31/2018,USD,199,Payment Processed,94799
4/19/2016,5/10/2016,USD,499,Payment Processed,95297
2/27/2018,3/1/2018,USD,299,Payment Processed,95624
1/30/2018,2/1/2018,USD,149,Payment Processed,96007
5/31/2018,7/5/2018,USD,399,Payment Processed,96515
11/28/2017,12/19/2017,USD,449,Payment Processed,96980
6/7/2017,6/14/2017,USD,299,Payment Processed,97087
9/11/2017,9/12/2017,USD,299,Payment Processed,97769
9/1/2017,9/5/2017,USD,299,Payment Processed,98260
5/19/2017,5/22/2017,USD,299,Payment Processed,98336
7/18/2017,7/20/2017,USD,299,Payment Processed,99204
3/7/2018,3/9/2018,USD,199,Payment Processed,99210
4/23/2018,4/27/2018,USD,299,Payment Processed,99261
8/25/2016,9/30/2016,USD,599,Payment Processed,99627
10/12/2017,10/26/2017,USD,149,Payment Processed,100649
7/28/2016,8/10/2016,USD,599,Payment Processed,101153
7/10/2018,7/24/2018,USD,199,Payment Processed,101221
11/9/2017,11/10/2017,USD,299,Payment Processed,101253
3/14/2017,3/17/2017,USD,499,Payment Processed,101400
9/15/2017,9/21/2017,USD,199,Payment Processed,101569
5/4/2018,5/4/2018,USD,179,Payment Processed,101690
9/26/2017,9/28/2017,USD,199,Payment Processed,102578
6/12/2018,6/14/2018,USD,368,Payment Processed,103788
8/29/2018,9/5/2018,USD,399,Payment Processed,104607
9/20/2016,10/4/2016,USD,399,Payment Processed,104750
3/28/2018,3/29/2018,USD,299,Payment Processed,105816
3/23/2018,4/3/2018,USD,199,Payment Processed,106005
8/16/2018,8/17/2018,USD,199,Payment Processed,106073
7/16/2018,8/6/2018,USD,129,Payment Processed,106308
5/18/2018,5/22/2018,USD,299,Payment Processed,107004
7/29/2018,8/7/2018,USD,299,Payment Processed,107840
2/23/2018,3/20/2018,USD,299,Payment Processed,107939
6/19/2018,6/21/2018,USD,299,Payment Processed,108818
5/8/2017,5/14/2017,USD,199,Payment Processed,109308
11/13/2017,11/17/2017,USD,299,Payment Processed,109641
3/6/2018,3/7/2018,USD,299,Payment Processed,109777
2/28/2018,3/2/2018,USD,199,Payment Processed,109870
10/17/2016,10/27/2016,USD,599,Payment Processed,109891
3/7/2016,3/7/2016,USD,149,Payment Processed,110420
8/8/2018,8/9/2018,USD,299,Payment Processed,110497
4/24/2018,4/25/2018,USD,199,Payment Processed,110632
1/7/2016,2/25/2016,USD,299,Payment Processed,111523
3/8/2016,3/11/2016,USD,599,Payment Processed,112070
5/26/2017,6/2/2017,USD,299,Payment Processed,112471
4/28/2017,4/28/2017,USD,699,Payment Processed,112557
1/11/2016,1/13/2016,USD,299,Payment Processed,112799
3/21/2018,3/23/2018,USD,299,Payment Processed,113360
3/14/2017,3/20/2017,USD,649,Payment Processed,113375
8/14/2017,9/26/2017,USD,249,Payment Processed,113426
11/28/2017,11/30/2017,USD,199,Payment Processed,114584
2/19/2016,3/8/2016,USD,599,Payment Processed,114637
11/18/2016,11/21/2016,USD,599,Payment Processed,114842
1/11/2016,1/15/2016,USD,539,Payment Processed,114842
6/5/2018,6/6/2018,USD,199,Payment Processed,115041
8/3/2018,8/22/2018,USD,129,Payment Processed,115202
9/8/2017,9/21/2017,USD,299,Payment Processed,115984
2/14/2017,2/28/2017,USD,499,Payment Processed,116467
6/20/2018,6/25/2018,USD,100,Payment Processed,116853
5/17/2017,5/19/2017,USD,499,Payment Processed,116917
2/24/2016,3/10/2016,USD,499,Payment Processed,117138
3/27/2018,4/18/2018,USD,299,Payment Processed,117138
2/28/2017,3/15/2017,USD,999,Payment Processed,117138
7/6/2017,7/10/2017,USD,220,Payment Processed,117393
3/15/2016,4/18/2016,USD,499,Payment Processed,118302
10/17/2017,10/18/2017,USD,299,Payment Processed,119223
3/7/2018,3/9/2018,USD,220,Payment Processed,119556
10/23/2017,2/15/2018,USD,429,Payment Processed,119556
9/1/2017,9/7/2017,USD,199,Payment Processed,119577
8/18/2017,8/22/2017,USD,199,Payment Processed,119577
4/14/2017,7/28/2017,USD,299,Payment Processed,119577
1/10/2017,1/24/2017,USD,499,Payment Processed,119720
3/14/2018,3/26/2018,USD,278,Payment Processed,119957
3/1/2018,3/9/2018,USD,499,Payment Processed,120037
1/11/2016,1/11/2016,USD,199,Payment Processed,120084
5/6/2017,6/13/2017,USD,199,Payment Processed,120274
5/8/2017,5/10/2017,USD,199,Payment Processed,121187
3/8/2018,3/14/2018,USD,149,Payment Processed,122096
9/14/2017,9/14/2017,USD,248,Payment Processed,123058
7/31/2018,8/9/2018,USD,299,Payment Processed,123247
1/31/2018,2/5/2018,USD,199,Payment Processed,123286
12/4/2017,12/6/2017,USD,199,Payment Processed,123748
4/24/2018,4/26/2018,USD,199,Payment Processed,123954
5/29/2018,7/18/2018,USD,199,Payment Processed,124712
11/7/2017,11/8/2017,USD,199,Payment Processed,125516
9/29/2017,11/3/2017,USD,299,Payment Processed,125559
7/17/2017,7/19/2017,USD,299,Payment Processed,125959
5/8/2018,5/16/2018,USD,799,Payment Processed,126169
3/6/2017,4/19/2017,USD,499,Payment Processed,126940
6/19/2018,6/20/2018,USD,200,Payment Processed,126984
1/29/2018,1/30/2018,USD,299,Payment Processed,127939
3/11/2016,3/15/2016,USD,100,Payment Processed,129008
5/25/2016,5/31/2016,USD,599,Payment Processed,129008
8/9/2018,8/23/2018,USD,199,Payment Processed,129169
4/15/2016,6/30/2016,USD,499,Payment Processed,129169
1/20/2016,1/28/2016,USD,199,Payment Processed,130136
5/14/2018,5/15/2018,USD,129,Payment Processed,130234
5/4/2018,5/14/2018,USD,199,Payment Processed,130367
2/12/2018,2/26/2018,USD,299,Payment Processed,130884
8/6/2018,8/14/2018,USD,299,Payment Processed,130944
2/6/2017,6/9/2017,USD,299,Payment Processed,133052
3/27/2018,3/29/2018,USD,199,Payment Processed,133230
8/15/2017,9/12/2017,USD,299,Payment Processed,133379
3/29/2018,4/6/2018,USD,199,Payment Processed,134206
5/25/2017,5/26/2017,USD,249,Payment Processed,134415
2/27/2018,4/2/2018,USD,299,Payment Processed,135324
1/4/2017,3/2/2017,USD,349,Payment Processed,135696
5/1/2018,5/2/2018,USD,599,Payment Processed,135830
6/9/2017,6/12/2017,USD,299,Payment Processed,135876
6/28/2016,6/28/2016,USD,100,Payment Processed,136627
4/11/2017,4/17/2017,USD,399,Payment Processed,136774
6/19/2018,6/20/2018,USD,199,Payment Processed,138555
2/5/2018,2/5/2018,USD,199,Payment Processed,138621
11/21/2017,12/1/2017,USD,299,Payment Processed,138774
12/4/2017,12/6/2017,USD,199,Payment Processed,139538
11/28/2017,11/29/2017,USD,199,Payment Processed,140575
8/25/2016,9/13/2016,USD,499,Payment Processed,141099
4/3/2018,4/10/2018,USD,300,Payment Processed,142225
3/5/2018,3/8/2018,USD,199,Payment Processed,142310
9/4/2018,9/10/2018,USD,199,Payment Processed,142429
6/8/2018,6/13/2018,USD,299,Payment Processed,142501
8/22/2018,8/28/2018,USD,199,Payment Processed,142708
5/29/2018,5/30/2018,USD,149,Payment Processed,143307
8/22/2018,9/4/2018,USD,199,Payment Processed,143781
7/20/2018,7/20/2018,USD,150,Payment Processed,143953
6/26/2018,7/23/2018,USD,299,Payment Processed,144771
6/5/2018,6/7/2018,USD,199,Payment Processed,144842
7/19/2018,7/20/2018,USD,299,Payment Processed,145084
1/18/2016,4/18/2016,USD,499,Payment Processed,145134
6/19/2018,6/19/2018,USD,199,Payment Processed,145423
7/11/2016,7/19/2016,USD,349,Payment Processed,147569
4/26/2017,5/31/2017,USD,299,Payment Processed,147651
2/2/2018,2/7/2018,USD,199,Payment Processed,147671
6/1/2017,6/8/2017,USD,199,Payment Processed,147773
2/19/2016,3/4/2016,USD,199,Payment Processed,148131
4/12/2017,4/19/2017,USD,499,Payment Processed,148286
12/28/2017,1/18/2018,USD,299,Payment Processed,148396
6/13/2016,6/30/2016,USD,499,Payment Processed,148463
5/14/2018,5/22/2018,USD,129,Payment Processed,148921
8/7/2018,8/23/2018,USD,299,Payment Processed,149033
5/30/2018,6/7/2018,USD,299,Payment Processed,149249
8/23/2017,8/29/2017,USD,299,Payment Processed,150249
9/15/2017,9/18/2017,USD,150,Payment Processed,150249
12/19/2016,1/9/2017,USD,499,Payment Processed,150447
1/24/2017,3/16/2017,USD,1497,Payment Processed,150768
7/26/2018,8/3/2018,USD,299,Payment Processed,150768
2/27/2018,3/2/2018,USD,199,Payment Processed,151444
4/11/2016,4/14/2016,USD,599,Payment Processed,151554
2/13/2018,2/15/2018,USD,299,Payment Processed,151768
9/12/2016,9/16/2016,USD,100,Payment Processed,152409
5/31/2016,6/8/2016,USD,699,Payment Processed,152409
8/8/2017,8/8/2017,USD,299,Payment Processed,152847
4/10/2017,4/25/2017,USD,299,Payment Processed,152873
6/29/2018,7/5/2018,USD,129,Payment Processed,153413
1/24/2018,2/1/2018,USD,299,Payment Processed,153890
8/1/2017,8/3/2017,USD,199,Payment Processed,154015
1/22/2018,1/23/2018,USD,399,Payment Processed,154028
9/1/2017,9/5/2017,USD,199,Payment Processed,154135
9/13/2017,9/19/2017,USD,199,Payment Processed,154195
8/16/2017,8/21/2017,USD,299,Payment Processed,154195
12/20/2017,12/21/2017,USD,299,Payment Processed,154300
8/23/2017,8/25/2017,USD,199,Payment Processed,154570
7/27/2018,7/30/2018,USD,129,Payment Processed,154639
8/7/2018,8/8/2018,USD,299,Payment Processed,155550
8/18/2017,8/22/2017,USD,299,Payment Processed,155550
7/21/2017,7/25/2017,USD,299,Payment Processed,155550
1/29/2018,1/30/2018,USD,220,Payment Processed,155640
1/11/2018,1/15/2018,USD,299,Payment Processed,155961
1/9/2018,1/11/2018,USD,220,Payment Processed,156131
3/28/2018,4/30/2018,USD,129,Payment Processed,158915
12/27/2017,1/30/2018,USD,299,Payment Processed,159019
7/10/2018,7/11/2018,USD,199,Payment Processed,159038
6/13/2018,6/19/2018,USD,129,Payment Processed,159342
7/2/2018,7/3/2018,USD,299,Payment Processed,159431
9/19/2017,9/21/2017,USD,199,Payment Processed,159445
7/17/2018,7/30/2018,USD,199,Payment Processed,159620
2/14/2017,6/7/2017,USD,349,Payment Processed,160357
5/4/2017,5/15/2017,USD,199,Payment Processed,161594
2/7/2017,2/17/2017,USD,599,Payment Processed,161644
1/26/2018,2/1/2018,USD,149,Payment Processed,162106
6/27/2018,7/2/2018,USD,299,Payment Processed,162493
8/28/2017,8/30/2017,USD,299,Payment Processed,163160
8/7/2018,8/10/2018,USD,299,Payment Processed,163334
5/25/2017,5/26/2017,USD,249,Payment Processed,163581
12/26/2017,12/28/2017,USD,299,Payment Processed,164251
3/23/2018,3/26/2018,USD,200,Payment Processed,164251
6/26/2018,6/28/2018,USD,199,Payment Processed,164251
5/10/2017,5/18/2017,USD,419,Payment Processed,165703
1/5/2018,1/8/2018,USD,199,Payment Processed,166420
8/15/2018,8/17/2018,USD,299,Payment Processed,166505
2/10/2017,4/27/2017,USD,599,Payment Processed,166518
4/5/2018,5/1/2018,USD,398,Payment Processed,166658
10/23/2017,10/25/2017,USD,299,Payment Processed,166742
9/14/2017,9/21/2017,USD,200,Payment Processed,167603
2/14/2018,4/19/2018,USD,199,Payment Processed,168978
1/31/2018,2/6/2018,USD,299,Payment Processed,169361
4/28/2016,5/4/2016,USD,100,Payment Processed,169724
1/14/2016,1/21/2016,USD,200,Payment Processed,169724
7/5/2017,7/6/2017,USD,299,Payment Processed,170946
7/11/2018,7/12/2018,USD,199,Payment Processed,170946
6/5/2018,6/7/2018,USD,199,Payment Processed,171114
2/3/2016,2/26/2016,USD,250,Payment Processed,171448
2/11/2016,2/23/2016,USD,499,Payment Processed,171663
5/11/2016,6/30/2016,USD,599,Payment Processed,172058
3/22/2018,3/26/2018,USD,129,Payment Processed,172115
4/11/2018,5/2/2018,USD,199,Payment Processed,172510
9/4/2018,9/5/2018,USD,398,Payment Processed,172598
7/10/2018,7/11/2018,USD,199,Payment Processed,172946
2/23/2016,7/19/2016,USD,499,Payment Processed,173118
7/20/2018,8/16/2018,USD,499,Payment Processed,173445
2/22/2018,2/23/2018,USD,299,Payment Processed,174206
6/12/2018,6/27/2018,USD,299,Payment Processed,174325
9/6/2018,9/7/2018,USD,399,Payment Processed,174398
3/5/2018,3/7/2018,USD,299,Payment Processed,174424
3/1/2018,3/6/2018,USD,299,Payment Processed,174647
6/19/2018,6/19/2018,USD,199,Payment Processed,175034
10/4/2017,10/4/2017,USD,419,Payment Processed,175773
8/22/2017,8/22/2017,USD,299,Payment Processed,175954
7/10/2018,7/11/2018,USD,199,Payment Processed,176071
8/11/2018,8/14/2018,USD,299,Payment Processed,176078
5/10/2018,5/11/2018,USD,199,Payment Processed,176282
1/2/2018,1/9/2018,USD,299,Payment Processed,176308
7/13/2017,7/19/2017,USD,199,Payment Processed,176526
7/12/2018,7/16/2018,USD,299,Payment Processed,176637
6/5/2018,6/7/2018,USD,199,Payment Processed,177518
11/29/2016,12/8/2016,USD,539,Payment Processed,177552
6/18/2018,6/21/2018,USD,299,Payment Processed,178193
9/4/2018,9/5/2018,USD,299,Payment Processed,178590
9/5/2018,9/5/2018,USD,299,Payment Processed,178833
2/24/2016,2/24/2016,USD,199,Payment Processed,180449
10/19/2015,3/7/2016,USD,199,Payment Processed,180846
1/16/2017,2/13/2017,USD,479,Payment Processed,180931
2/16/2018,2/20/2018,USD,199,Payment Processed,181017
11/7/2017,11/7/2017,USD,199,Payment Processed,181017
1/23/2018,1/26/2018,USD,299,Payment Processed,181037
3/29/2018,4/18/2018,USD,199,Payment Processed,181115
9/7/2016,9/30/2016,USD,499,Payment Processed,181116
6/27/2017,7/17/2017,USD,199,Payment Processed,181648
3/2/2017,3/23/2017,USD,599,Payment Processed,181767
8/7/2017,8/17/2017,USD,299,Payment Processed,181897
1/17/2017,2/2/2017,USD,499,Payment Processed,182092
9/14/2017,9/15/2017,USD,199,Payment Processed,182133
7/15/2016,8/10/2016,USD,499,Payment Processed,182382
8/24/2017,8/25/2017,USD,199,Payment Processed,183426
7/29/2016,8/8/2016,USD,499,Payment Processed,183904
6/5/2018,6/5/2018,USD,199,Payment Processed,184059
6/21/2018,6/26/2018,USD,299,Payment Processed,184129
2/23/2017,3/14/2017,USD,499,Payment Processed,185535
7/19/2018,7/26/2018,USD,299,Payment Processed,186439
2/9/2016,5/4/2016,USD,499,Payment Processed,187707
7/27/2017,8/1/2017,USD,299,Payment Processed,188865
3/15/2018,3/19/2018,USD,129,Payment Processed,189671
9/21/2017,10/19/2017,USD,99,Payment Processed,189886
3/1/2018,3/2/2018,USD,25,Payment Processed,190127
12/22/2017,1/3/2018,USD,299,Payment Processed,190676
9/14/2017,9/15/2017,USD,199,Payment Processed,190686
8/11/2017,8/28/2017,USD,199,Payment Processed,190858
4/26/2018,4/27/2018,USD,150,Payment Processed,191501
3/19/2018,4/16/2018,USD,398,Payment Processed,191501
11/29/2016,12/16/2016,USD,449,Payment Processed,191501
4/14/2016,4/20/2016,USD,520,Payment Processed,191501
6/4/2018,6/5/2018,USD,150,Payment Processed,191501
5/17/2017,5/18/2017,USD,299,Payment Processed,191791
7/19/2018,7/20/2018,USD,299,Payment Processed,192020
9/21/2017,10/19/2017,USD,99,Payment Processed,192995
5/30/2018,5/30/2018,USD,299,Payment Processed,193746
12/12/2016,2/2/2017,USD,499,Payment Processed,194019
7/17/2017,8/10/2017,USD,449,Payment Processed,194257
6/22/2018,6/25/2018,USD,299,Payment Processed,194333
4/6/2018,4/9/2018,USD,129,Payment Processed,195744
2/2/2018,2/13/2018,USD,199,Payment Processed,195809
6/19/2018,6/22/2018,USD,129,Payment Processed,196714
7/28/2017,8/1/2017,USD,220,Payment Processed,197569
6/15/2018,8/23/2018,USD,1185,Payment Processed,197696
5/8/2017,5/30/2017,USD,299,Payment Processed,197829
3/4/2018,3/6/2018,USD,199,Payment Processed,198251
2/14/2018,2/15/2018,USD,149,Payment Processed,198546
3/21/2018,3/27/2018,USD,199,Payment Processed,198809
7/18/2018,7/25/2018,USD,199,Payment Processed,199476
3/15/2018,3/16/2018,USD,199,Payment Processed,200763
4/25/2016,4/27/2016,USD,599,Payment Processed,201107
8/28/2017,9/15/2017,USD,299,Payment Processed,201206
4/23/2018,4/23/2018,USD,299,Payment Processed,201354
12/8/2015,4/21/2016,USD,599,Payment Processed,201436
5/21/2018,5/23/2018,USD,299,Payment Processed,202201
4/6/2018,4/23/2018,USD,199,Payment Processed,203319
4/27/2018,5/2/2018,USD,199,Payment Processed,204276
4/18/2017,5/10/2017,USD,499,Payment Processed,205124
7/10/2018,7/11/2018,USD,498,Payment Processed,205224
5/29/2018,6/5/2018,USD,149,Payment Processed,205228
10/19/2017,10/20/2017,USD,199,Payment Processed,205453
8/14/2018,8/17/2018,USD,299,Payment Processed,205920
8/29/2016,9/6/2016,USD,618,Payment Processed,206058
3/28/2018,4/2/2018,USD,299,Payment Processed,206974
2/5/2016,2/10/2016,USD,299,Payment Processed,207133
6/26/2017,6/26/2017,USD,199,Payment Processed,207191
7/26/2018,7/27/2018,USD,199,Payment Processed,207374
7/23/2018,7/24/2018,USD,199,Payment Processed,207402
5/3/2018,5/21/2018,USD,299,Payment Processed,207473
8/24/2017,8/25/2017,USD,199,Payment Processed,207698
1/22/2016,1/27/2016,USD,299,Payment Processed,208261
5/22/2018,5/24/2018,USD,199,Payment Processed,208280
7/13/2017,7/21/2017,USD,199,Payment Processed,209193
4/26/2018,7/11/2018,USD,1185,Payment Processed,209383
2/13/2018,3/9/2018,USD,299,Payment Processed,209658
10/19/2017,11/29/2017,USD,299,Payment Processed,210371
1/5/2017,5/12/2017,USD,599,Payment Processed,210405
1/5/2016,1/5/2016,USD,199,Payment Processed,211254
2/20/2018,2/21/2018,USD,299,Payment Processed,211477
4/6/2016,4/26/2016,USD,599,Payment Processed,211604
4/9/2018,4/16/2018,USD,200,Payment Processed,212060
7/11/2016,7/20/2016,USD,599,Payment Processed,214031
7/20/2018,7/31/2018,USD,199,Payment Processed,214093
7/31/2018,9/10/2018,USD,199,Payment Processed,214328
2/6/2018,2/6/2018,USD,299,Payment Processed,214547
7/17/2017,7/27/2017,USD,299,Payment Processed,215570
9/5/2018,9/7/2018,USD,299,Payment Processed,215856
3/27/2018,4/5/2018,USD,199,Payment Processed,216020
6/26/2018,7/3/2018,USD,249,Payment Processed,216508
6/15/2018,6/18/2018,USD,299,Payment Processed,217054
4/5/2016,6/24/2016,USD,599,Payment Processed,217251
1/9/2017,3/17/2017,USD,599,Payment Processed,218840
8/15/2016,9/6/2016,USD,599,Payment Processed,219567
8/27/2018,9/6/2018,USD,299,Payment Processed,219993
1/5/2018,1/9/2018,USD,299,Payment Processed,220258
8/16/2017,9/5/2017,USD,199,Payment Processed,220455
2/10/2016,4/27/2016,USD,599,Payment Processed,220779
3/15/2018,3/16/2018,USD,199,Payment Processed,221288
5/31/2017,7/11/2017,USD,299,Payment Processed,221365
7/17/2018,8/7/2018,USD,199,Payment Processed,221631
7/17/2018,7/19/2018,USD,199,Payment Processed,222789
6/11/2018,6/13/2018,USD,179,Payment Processed,224290
8/25/2017,8/28/2017,USD,199,Payment Processed,224322
1/23/2018,1/24/2018,USD,149,Payment Processed,224786
8/24/2017,9/29/2017,USD,199,Payment Processed,224815
8/7/2018,9/10/2018,USD,790,Payment Processed,224865
5/23/2018,5/23/2018,USD,129,Payment Processed,225670
2/8/2018,2/9/2018,USD,299,Payment Processed,226047
4/11/2018,4/12/2018,USD,199,Payment Processed,226090
10/5/2016,11/8/2016,USD,599,Payment Processed,226418
5/8/2017,5/12/2017,USD,299,Payment Processed,226465
1/22/2018,1/23/2018,USD,199,Payment Processed,226609
6/26/2017,7/31/2017,USD,199,Payment Processed,226979
5/29/2018,5/31/2018,USD,299,Payment Processed,226979
11/17/2017,11/28/2017,USD,199,Payment Processed,226991
1/24/2018,1/25/2018,USD,149,Payment Processed,227502
7/10/2018,8/8/2018,USD,199,Payment Processed,227601
5/25/2018,5/29/2018,USD,299,Payment Processed,227778
4/8/2016,6/30/2016,USD,599,Payment Processed,227991
5/3/2017,9/5/2017,USD,79,Payment Processed,228977
10/9/2017,10/10/2017,USD,299,Payment Processed,229396
7/24/2018,7/25/2018,USD,129,Payment Processed,229788
7/30/2018,8/6/2018,USD,149,Payment Processed,229792
2/19/2016,2/24/2016,USD,100,Payment Processed,230002
3/3/2016,3/23/2016,USD,499,Payment Processed,230545
8/21/2017,8/22/2017,USD,299,Payment Processed,230788
4/24/2017,7/13/2017,USD,299,Payment Processed,231267
4/24/2018,5/2/2018,USD,299,Payment Processed,231334
5/26/2017,6/6/2017,USD,299,Payment Processed,231389
6/5/2018,6/15/2018,USD,299,Payment Processed,231580
8/17/2017,8/29/2017,USD,398,Payment Processed,232169
3/28/2018,4/2/2018,USD,199,Payment Processed,233350
8/31/2017,9/5/2017,USD,199,Payment Processed,233722
1/10/2018,1/11/2018,USD,199,Payment Processed,233868
1/4/2016,1/4/2016,USD,100,Payment Processed,233878
1/18/2018,1/23/2018,USD,299,Payment Processed,233935
4/6/2018,4/25/2018,USD,149,Payment Processed,234552
3/9/2016,6/2/2016,USD,599,Payment Processed,234921
12/6/2017,12/7/2017,USD,299,Payment Processed,235080
6/5/2017,6/14/2017,USD,299,Payment Processed,236005
12/11/2017,12/12/2017,USD,149,Payment Processed,236061
10/11/2016,10/13/2016,USD,499,Payment Processed,236516
3/16/2016,3/28/2016,USD,499,Payment Processed,236516
10/13/2017,10/19/2017,USD,199,Payment Processed,236638
2/5/2018,2/22/2018,USD,199,Payment Processed,237492
3/29/2018,3/30/2018,USD,129,Payment Processed,238004
11/8/2017,11/17/2017,USD,299,Payment Processed,240523
3/9/2018,3/13/2018,USD,199,Payment Processed,240540
7/24/2017,7/27/2017,USD,299,Payment Processed,240853
4/24/2018,4/27/2018,USD,199,Payment Processed,241239
8/21/2017,8/25/2017,USD,299,Payment Processed,241615
5/30/2018,5/30/2018,USD,129,Payment Processed,242284
3/21/2016,4/12/2016,USD,100,Payment Processed,242800
4/1/2016,4/12/2016,USD,100,Payment Processed,242800
3/8/2016,4/12/2016,USD,999,Payment Processed,242800
1/10/2018,3/22/2018,USD,599,Payment Processed,242800
6/5/2018,6/7/2018,USD,199,Payment Processed,243116
3/7/2018,3/9/2018,USD,199,Payment Processed,243116
2/22/2016,3/28/2016,USD,699,Payment Processed,243388
4/6/2016,4/6/2016,USD,100,Payment Processed,243388
3/29/2018,4/13/2018,USD,199,Payment Processed,243388
7/13/2018,7/17/2018,USD,199,Payment Processed,243907
1/23/2018,1/25/2018,USD,199,Payment Processed,245397
6/23/2017,8/14/2017,USD,75,Payment Processed,245754
6/13/2018,6/18/2018,USD,199,Payment Processed,245829
3/10/2017,4/3/2017,USD,599,Payment Processed,246188
2/29/2016,4/7/2016,USD,499,Payment Processed,246863
5/15/2017,6/29/2017,USD,229,Payment Processed,246897
3/22/2018,3/27/2018,USD,299,Payment Processed,247318
4/16/2018,4/16/2018,USD,299,Payment Processed,247770
12/8/2017,1/3/2018,USD,299,Payment Processed,248133
9/10/2015,1/21/2016,USD,100,Payment Processed,248145
9/29/2015,1/21/2016,USD,100,Payment Processed,248145
9/5/2018,9/6/2018,USD,199,Payment Processed,248258
2/2/2018,2/20/2018,USD,199,Payment Processed,248517
10/19/2017,10/20/2017,USD,199,Payment Processed,248925
7/12/2018,7/16/2018,USD,299,Payment Processed,249456
4/24/2018,4/25/2018,USD,199,Payment Processed,249524
6/20/2018,6/22/2018,USD,199,Payment Processed,250558
10/10/2017,10/13/2017,USD,249,Payment Processed,252065
7/16/2018,8/6/2018,USD,129,Payment Processed,252612
2/3/2017,2/17/2017,USD,599,Payment Processed,253453
6/26/2018,7/12/2018,USD,299,Payment Processed,253651
4/24/2017,6/9/2017,USD,499,Payment Processed,253827
1/18/2018,1/19/2018,USD,299,Payment Processed,254540
7/12/2018,7/20/2018,USD,299,Payment Processed,254834
3/20/2018,3/22/2018,USD,149,Payment Processed,255189
8/22/2018,8/27/2018,USD,299,Payment Processed,255333
3/24/2016,4/5/2016,USD,399,Payment Processed,255871
8/24/2018,9/7/2018,USD,179,Payment Processed,255972
7/18/2018,7/20/2018,USD,299,Payment Processed,256068
7/2/2018,7/10/2018,USD,199,Payment Processed,256746
2/12/2016,4/12/2016,USD,599,Payment Processed,256958
9/3/2015,4/28/2016,USD,199,Payment Processed,258151
11/16/2017,11/22/2017,USD,299,Payment Processed,258317
12/14/2015,2/8/2016,USD,599,Payment Processed,258338
10/12/2017,10/16/2017,USD,199,Payment Processed,258573
5/9/2017,6/16/2017,USD,399,Payment Processed,259623
6/26/2017,7/6/2017,USD,299,Payment Processed,259693
7/23/2018,7/26/2018,USD,299,Payment Processed,260677
2/1/2017,2/7/2017,USD,520,Payment Processed,260990
9/14/2017,9/15/2017,USD,199,Payment Processed,261054
5/23/2017,6/2/2017,USD,299,Payment Processed,261102
7/5/2016,7/11/2016,USD,200,Payment Processed,261839
6/1/2017,6/1/2017,USD,199,Payment Processed,262273
3/8/2016,3/10/2016,USD,499,Payment Processed,262409
6/9/2016,6/22/2016,USD,499,Payment Processed,262549
8/7/2018,8/8/2018,USD,299,Payment Processed,262572
9/14/2017,9/19/2017,USD,199,Payment Processed,263296
4/24/2018,4/25/2018,USD,199,Payment Processed,263416
8/1/2017,8/1/2017,USD,199,Payment Processed,263775
1/19/2018,2/16/2018,USD,499,Payment Processed,263970
2/27/2017,3/6/2017,USD,499,Payment Processed,264559
5/24/2018,6/1/2018,USD,299,Payment Processed,264630
10/19/2017,10/20/2017,USD,199,Payment Processed,265107
4/10/2018,4/12/2018,USD,299,Payment Processed,265307
12/3/2015,3/3/2016,USD,199,Payment Processed,265603
4/20/2018,9/5/2018,USD,1975,Payment Processed,266277
3/26/2018,4/2/2018,USD,499,Payment Processed,266277
5/31/2017,6/5/2017,USD,299,Payment Processed,266479
7/18/2018,7/19/2018,USD,299,Payment Processed,266642
5/16/2016,7/22/2016,USD,499,Payment Processed,267837
6/15/2017,6/22/2017,USD,199,Payment Processed,268993
5/8/2018,7/11/2018,USD,395,Payment Processed,269752
4/18/2017,5/31/2017,USD,499,Payment Processed,269958
5/23/2018,5/29/2018,USD,199,Payment Processed,270018
10/19/2016,12/5/2016,USD,599,Payment Processed,270681
7/13/2018,7/19/2018,USD,299,Payment Processed,270924
5/21/2018,5/25/2018,USD,299,Payment Processed,270999
2/16/2017,2/23/2017,USD,499,Payment Processed,270999
2/15/2018,2/15/2018,USD,299,Payment Processed,271373
6/3/2016,6/27/2016,USD,599,Payment Processed,271469
2/15/2017,4/6/2017,USD,520,Payment Processed,271608
3/28/2016,4/1/2016,USD,499,Payment Processed,272304
7/5/2018,7/6/2018,USD,199,Payment Processed,272682
1/10/2018,1/11/2018,USD,299,Payment Processed,273094
5/22/2017,10/10/2017,USD,419,Payment Processed,273433
4/27/2018,5/8/2018,USD,299,Payment Processed,273508
8/7/2018,8/9/2018,USD,299,Payment Processed,273531
7/12/2016,7/19/2016,USD,449,Payment Processed,274001
8/31/2018,9/6/2018,USD,299,Payment Processed,274580
1/19/2016,1/19/2016,USD,199,Payment Processed,275184
11/7/2017,11/10/2017,USD,199,Payment Processed,275480
1/2/2018,1/3/2018,USD,299,Payment Processed,276340
4/25/2018,5/3/2018,USD,299,Payment Processed,276672
3/19/2018,3/20/2018,USD,399,Payment Processed,276799
7/12/2016,7/21/2016,USD,499,Payment Processed,276891
12/5/2017,12/14/2017,USD,149,Payment Processed,276921
3/16/2018,3/22/2018,USD,199,Payment Processed,277612
1/9/2017,1/26/2017,USD,1199,Payment Processed,277864
8/3/2018,8/3/2018,USD,299,Payment Processed,278053
8/7/2018,8/9/2018,USD,299,Payment Processed,278633
3/20/2018,3/23/2018,USD,149,Payment Processed,279010
9/8/2017,9/14/2017,USD,299,Payment Processed,279418
2/6/2018,2/6/2018,USD,299,Payment Processed,279791
2/5/2018,2/5/2018,USD,299,Payment Processed,280013
1/22/2016,1/22/2016,USD,149,Payment Processed,280503
2/2/2017,4/28/2017,USD,420,Payment Processed,281272
5/23/2018,5/30/2018,USD,199,Payment Processed,281288
1/19/2016,1/19/2016,USD,199,Payment Processed,281392
1/11/2016,1/12/2016,USD,199,Payment Processed,281392
8/24/2018,8/27/2018,USD,189,Payment Processed,281591
1/5/2018,2/7/2018,USD,299,Payment Processed,282600
3/9/2018,3/9/2018,USD,299,Payment Processed,282840
8/2/2017,8/2/2017,USD,299,Payment Processed,283028
12/12/2017,12/21/2017,USD,299,Payment Processed,283339
10/23/2017,10/31/2017,USD,299,Payment Processed,283663
8/29/2017,9/5/2017,USD,199,Payment Processed,283854
12/4/2017,12/5/2017,USD,399,Payment Processed,284055
8/16/2016,8/23/2016,USD,599,Payment Processed,284549
3/5/2018,3/6/2018,USD,199,Payment Processed,285708
5/8/2018,6/21/2018,USD,199,Payment Processed,286446
6/20/2018,6/27/2018,USD,199,Payment Processed,286446
1/30/2018,2/1/2018,USD,299,Payment Processed,287318
4/11/2018,4/11/2018,USD,199,Payment Processed,287432
6/26/2017,6/27/2017,USD,199,Payment Processed,287497
1/30/2018,2/2/2018,USD,199,Payment Processed,287651
5/21/2018,5/22/2018,USD,129,Payment Processed,287895
8/25/2017,9/1/2017,USD,299,Payment Processed,290057
1/17/2017,1/31/2017,USD,599,Payment Processed,290279
4/11/2018,4/20/2018,USD,79,Payment Processed,290381
6/26/2018,6/28/2018,USD,100,Payment Processed,290433
7/27/2017,7/28/2017,USD,299,Payment Processed,290694
4/9/2018,4/23/2018,USD,299,Payment Processed,292500
7/9/2018,7/11/2018,USD,299,Payment Processed,292565
2/13/2017,3/30/2017,USD,419,Payment Processed,292774
2/6/2018,2/14/2018,USD,299,Payment Processed,293176
2/12/2018,2/13/2018,USD,299,Payment Processed,294052
9/5/2018,9/7/2018,USD,199,Payment Processed,294169
11/13/2017,11/20/2017,USD,299,Payment Processed,294867
4/25/2018,4/27/2018,USD,129,Payment Processed,295000
11/9/2017,11/13/2017,USD,299,Payment Processed,295512
1/16/2017,3/16/2017,USD,250,Payment Processed,295912
3/15/2018,3/19/2018,USD,199,Payment Processed,296132
12/11/2015,1/5/2016,USD,699,Payment Processed,297308
2/2/2017,3/9/2017,USD,599,Payment Processed,297321
2/3/2017,2/7/2017,USD,599,Payment Processed,297602
11/7/2016,12/8/2016,USD,974,Payment Processed,297602
9/22/2017,9/25/2017,USD,299,Payment Processed,298084
1/12/2018,1/16/2018,USD,299,Payment Processed,298418
4/12/2018,4/12/2018,USD,299,Payment Processed,298482
8/17/2018,8/17/2018,USD,299,Payment Processed,298581
3/5/2018,3/6/2018,USD,199,Payment Processed,298796
4/17/2018,4/18/2018,USD,199,Payment Processed,299183
7/26/2018,7/26/2018,USD,299,Payment Processed,300656
6/8/2018,6/18/2018,USD,299,Payment Processed,300946
11/6/2015,10/28/2016,USD,599,Payment Processed,301066
6/26/2018,6/27/2018,USD,299,Payment Processed,301153
2/6/2018,2/7/2018,USD,299,Payment Processed,301219
2/15/2016,2/19/2016,USD,300,Payment Processed,301293
1/16/2018,1/17/2018,USD,220,Payment Processed,301375
6/15/2017,6/16/2017,USD,199,Payment Processed,301782
3/16/2018,3/22/2018,USD,199,Payment Processed,301936
5/2/2018,5/11/2018,USD,299,Payment Processed,301943
10/26/2016,11/15/2016,USD,499,Payment Processed,302350
7/26/2017,7/27/2017,USD,399,Payment Processed,302379
6/10/2016,6/24/2016,USD,500,Payment Processed,302432
8/27/2018,8/28/2018,USD,199,Payment Processed,303253
7/10/2018,7/12/2018,USD,199,Payment Processed,303312
8/29/2017,9/11/2017,USD,299,Payment Processed,303337
7/11/2017,7/12/2017,USD,299,Payment Processed,303504
5/22/2018,5/25/2018,USD,199,Payment Processed,304687
6/29/2017,7/6/2017,USD,199,Payment Processed,305481
2/2/2018,4/24/2018,USD,149,Payment Processed,305758
7/6/2018,7/9/2018,USD,150,Payment Processed,305758
7/10/2017,7/27/2017,USD,399,Payment Processed,305983
8/31/2016,9/16/2016,USD,399,Payment Processed,305993
5/19/2016,9/1/2016,USD,699,Payment Processed,306132
5/17/2017,5/18/2017,USD,199,Payment Processed,306244
7/24/2017,7/27/2017,USD,199,Payment Processed,306246
3/30/2016,7/11/2016,USD,499,Payment Processed,306527
10/3/2017,10/13/2017,USD,299,Payment Processed,306728
2/21/2018,2/22/2018,USD,199,Payment Processed,307052
12/7/2017,12/11/2017,USD,299,Payment Processed,307679
11/28/2017,11/29/2017,USD,299,Payment Processed,308391
6/16/2017,8/14/2017,USD,200,Payment Processed,308471
7/31/2017,8/2/2017,USD,299,Payment Processed,308775
9/22/2017,9/29/2017,USD,99,Payment Processed,309899
9/5/2018,9/6/2018,USD,199,Payment Processed,310220
1/3/2018,1/8/2018,USD,299,Payment Processed,311155
3/21/2017,5/22/2017,USD,399,Payment Processed,311214
1/11/2018,1/12/2018,USD,349,Payment Processed,311800
3/15/2018,3/16/2018,USD,199,Payment Processed,312053
2/7/2017,2/23/2017,USD,499,Payment Processed,312332
11/28/2017,11/29/2017,USD,199,Payment Processed,312459
8/21/2018,8/22/2018,USD,199,Payment Processed,312903
9/6/2018,9/7/2018,USD,199,Payment Processed,313074
1/15/2018,2/20/2018,USD,397,Payment Processed,313251
8/9/2016,8/12/2016,USD,419,Payment Processed,313286
8/14/2018,8/16/2018,USD,299,Payment Processed,313408
2/21/2017,3/2/2017,USD,599,Payment Processed,313804
6/27/2017,7/12/2017,USD,199,Payment Processed,313980
4/13/2018,4/24/2018,USD,299,Payment Processed,314025
4/8/2016,4/13/2016,USD,499,Payment Processed,314299
8/21/2018,8/21/2018,USD,129,Payment Processed,314522
10/23/2017,10/23/2017,USD,299,Payment Processed,315076
6/6/2018,6/11/2018,USD,199,Payment Processed,315207
8/16/2018,8/20/2018,USD,199,Payment Processed,315215
8/8/2018,8/9/2018,USD,299,Payment Processed,315908
12/18/2017,12/29/2017,USD,299,Payment Processed,315990
2/28/2017,3/1/2017,USD,350,Payment Processed,316217
10/5/2016,10/12/2016,USD,599,Payment Processed,316743
2/20/2018,2/23/2018,USD,299,Payment Processed,317033
7/19/2018,7/24/2018,USD,199,Payment Processed,317383
1/19/2018,1/29/2018,USD,199,Payment Processed,317405
10/5/2016,10/21/2016,USD,599,Payment Processed,317509
9/7/2017,9/15/2017,USD,299,Payment Processed,317973
10/31/2017,11/3/2017,USD,199,Payment Processed,318490
2/24/2016,3/1/2016,USD,599,Payment Processed,318891
3/23/2017,3/23/2017,USD,539,Payment Processed,318891
6/22/2016,6/27/2016,USD,599,Payment Processed,318891
6/29/2016,7/6/2016,USD,349,Payment Processed,319200
4/4/2016,5/2/2016,USD,599,Payment Processed,319384
1/10/2016,1/10/2016,USD,199,Payment Processed,319482
5/3/2018,5/3/2018,USD,299,Payment Processed,321278
8/24/2018,8/29/2018,USD,399,Payment Processed,321776
10/20/2016,10/31/2016,USD,539,Payment Processed,322069
9/15/2017,9/29/2017,USD,399,Payment Processed,322187
2/1/2018,2/2/2018,USD,299,Payment Processed,323804
7/18/2018,7/19/2018,USD,299,Payment Processed,323833
6/19/2017,6/21/2017,USD,299,Payment Processed,324170
7/13/2017,7/19/2017,USD,199,Payment Processed,324310
10/4/2017,10/12/2017,USD,199,Payment Processed,324804
7/18/2018,7/18/2018,USD,129,Payment Processed,325225
2/26/2018,2/27/2018,USD,299,Payment Processed,325289
6/21/2016,6/22/2016,USD,499,Payment Processed,325362
3/6/2018,3/6/2018,USD,399,Payment Processed,326396
2/7/2018,3/7/2018,USD,149,Payment Processed,326860
9/15/2017,9/20/2017,USD,299,Payment Processed,326972
3/2/2017,3/7/2017,USD,1199,Payment Processed,327021
3/2/2018,3/5/2018,USD,399,Payment Processed,327397
9/14/2017,9/14/2017,USD,399,Payment Processed,327412
1/12/2018,1/16/2018,USD,399,Payment Processed,327484
8/24/2017,9/6/2017,USD,299,Payment Processed,327484
6/26/2018,6/28/2018,USD,299,Payment Processed,327622
4/11/2018,4/13/2018,USD,299,Payment Processed,327730
7/27/2016,7/28/2016,USD,599,Payment Processed,327901
6/19/2018,6/19/2018,USD,299,Payment Processed,328198
6/6/2017,6/8/2017,USD,299,Payment Processed,328484
10/31/2017,11/1/2017,USD,220,Payment Processed,328485
7/10/2017,7/19/2017,USD,299,Payment Processed,328821
2/22/2018,2/27/2018,USD,199,Payment Processed,329017
2/9/2018,2/13/2018,USD,399,Payment Processed,329081
10/24/2016,11/14/2016,USD,599,Payment Processed,329529
7/21/2017,7/28/2017,USD,220,Payment Processed,330090
2/27/2018,3/1/2018,USD,299,Payment Processed,330546
4/10/2018,4/13/2018,USD,199,Payment Processed,330654
2/6/2016,2/6/2016,USD,79,Payment Processed,330699
5/16/2017,5/18/2017,USD,299,Payment Processed,330796
4/20/2016,5/31/2016,USD,599,Payment Processed,330828
4/4/2018,4/18/2018,USD,199,Payment Processed,331124
2/13/2018,2/14/2018,USD,299,Payment Processed,331261
5/1/2018,5/3/2018,USD,399,Payment Processed,331999
5/11/2017,5/15/2017,USD,299,Payment Processed,332041
8/7/2018,8/15/2018,USD,299,Payment Processed,332197
12/11/2015,1/21/2016,USD,199,Payment Processed,332498
5/18/2018,5/22/2018,USD,129,Payment Processed,332622
11/11/2016,11/18/2016,USD,200,Payment Processed,332839
1/29/2018,1/30/2018,USD,299,Payment Processed,332918
5/4/2017,5/10/2017,USD,199,Payment Processed,332982
10/3/2017,10/5/2017,USD,299,Payment Processed,333215
1/8/2016,1/20/2016,USD,200,Payment Processed,333614
11/27/2017,11/30/2017,USD,449,Payment Processed,334190
1/17/2018,1/19/2018,USD,100,Payment Processed,334190
7/13/2016,7/22/2016,USD,599,Payment Processed,334980
7/14/2017,7/19/2017,USD,299,Payment Processed,334983
2/9/2016,3/10/2016,USD,499,Payment Processed,335563
6/15/2018,6/18/2018,USD,129,Payment Processed,335592
6/26/2018,7/5/2018,USD,299,Payment Processed,335669
1/5/2016,1/5/2016,USD,199,Payment Processed,337066
5/4/2016,5/5/2016,USD,499,Payment Processed,337103
10/23/2017,10/27/2017,USD,149,Payment Processed,337778
5/1/2017,5/12/2017,USD,300,Invoice via Mail,338805
4/4/2018,4/5/2018,USD,199,Payment Processed,338960
6/19/2018,7/3/2018,USD,299,Payment Processed,339555
5/3/2017,6/19/2017,USD,199,Payment Processed,339632
1/16/2018,1/18/2018,USD,199,Payment Processed,340352
10/19/2017,3/1/2018,USD,199,Payment Processed,340423
8/29/2016,9/8/2016,USD,499,Payment Processed,340547
5/25/2017,7/10/2017,USD,249,Payment Processed,341158
3/6/2018,3/8/2018,USD,129,Payment Processed,341211
9/5/2018,9/6/2018,USD,299,Payment Processed,342009
6/27/2017,7/6/2017,USD,199,Payment Processed,342283
2/3/2016,2/4/2016,USD,199,Payment Processed,343305
7/10/2018,7/12/2018,USD,199,Payment Processed,343388
10/12/2017,10/23/2017,USD,199,Payment Processed,343486
7/17/2018,7/24/2018,USD,199,Payment Processed,343863
7/14/2017,7/17/2017,USD,299,Payment Processed,343999
1/2/2018,1/2/2018,USD,299,Payment Processed,344155
8/18/2016,8/18/2016,USD,499,Payment Processed,344656
1/16/2017,2/3/2017,USD,599,Payment Processed,345093
2/16/2018,8/3/2018,USD,399,Payment Processed,345131
7/6/2018,7/12/2018,USD,399,Payment Processed,345985
1/29/2018,1/30/2018,USD,299,Payment Processed,346218
2/20/2018,2/22/2018,USD,299,Payment Processed,346312
6/21/2017,6/22/2017,USD,399,Payment Processed,346335
12/29/2017,1/8/2018,USD,399,Payment Processed,347066
1/30/2018,2/1/2018,USD,199,Payment Processed,347110
9/13/2017,9/15/2017,USD,299,Payment Processed,347278
2/21/2017,3/3/2017,USD,599,Payment Processed,347577
6/21/2018,7/3/2018,USD,299,Payment Processed,347584
6/2/2016,6/2/2016,USD,79,Payment Processed,348343
5/22/2018,5/23/2018,USD,199,Payment Processed,348436
9/5/2017,9/6/2017,USD,299,Payment Processed,349276
8/7/2017,8/11/2017,USD,199,Payment Processed,349795
1/23/2018,1/29/2018,USD,199,Payment Processed,349800
2/14/2018,2/20/2018,USD,199,Payment Processed,350045
2/5/2016,6/2/2016,USD,998,Payment Processed,350278
11/30/2017,12/7/2017,USD,199,Payment Processed,351285
11/15/2017,11/16/2017,USD,299,Payment Processed,351719
8/29/2017,9/1/2017,USD,349,Payment Processed,351753
